,Name,Napps,App mean,App std,Org mean,Org std,CA mean,CA std
0,Kandise Le Blanc,36,3.2222222222222223,0.9749960430435687,2.8333333333333335,0.8660254037844387,2.4166666666666665,0.7592027982620249
