,Name,Napps,App mean,App std,Org mean,Org std,CA mean,CA std
0,Lauren Gold,42,2.8333333333333335,1.5105449452916098,2.7142857142857144,1.5319721849662298,2.5952380952380953,1.528452747209908
