,Name,Napps,App mean,App std,Org mean,Org std,CA mean,CA std
0,Andrew Bowen,41,3.7560975609756095,0.9571422863584673,3.0,1.1686974195815552,3.3658536585365852,1.0062268948651838
