,Name,Napps,App mean,App std,Org mean,Org std,CA mean,CA std
0,Danielle Underwood,20,2.75,1.2599603168354152,2.2,1.5362291495737217,1.85,1.061838029079765
