,Name,Napps,App mean,App std,Org mean,Org std,CA mean,CA std
0,Daniel Wu,11,3.8181818181818183,0.7158188976374373,3.4545454545454546,0.6555547773570889,3.4545454545454546,0.49792959773196915
