,Name,Napps,App mean,App std,Org mean,Org std,CA mean,CA std
0,Juliette Johnson,19,3.736842105263158,0.5469634129164876,3.1578947368421053,1.1815760168759815,3.3157894736842106,0.9761703679469165
