,Name,Napps,App mean,App std,Org mean,Org std,CA mean,CA std
0,Andrew Harlan,18,3.6666666666666665,0.7453559924999297,3.7777777777777777,1.2717247935843994,3.1666666666666665,1.5
