,Name,Napps,App mean,App std,Org mean,Org std,CA mean,CA std
0,David Gilbert,21,3.1904761904761907,1.0962728031639368,2.5238095238095237,1.1799534946060826,2.619047619047619,0.9499970163457145
