,Name,Napps,App mean,App std,Org mean,Org std,CA mean,CA std
0,Robby Winter,20,4.1,0.8306623862918073,3.8,1.1661903789690602,3.65,1.2359207094308275
