,Name,Napps,App mean,App std,Org mean,Org std,CA mean,CA std
0,Emily Coffee,39,4.076923076923077,0.7969369368164131,3.358974358974359,0.891187035742706,3.3333333333333335,0.6132441406718665
