,Name,Napps,App mean,App std,Org mean,Org std,CA mean,CA std
0,Stavros Agorakis,49,3.183673469387755,1.0627931890850237,3.0408163265306123,1.2929823723638494,2.836734693877551,1.1490357763476937
