,Name,Napps,App mean,App std,Org mean,Org std,CA mean,CA std
0,Alex Rothfield,37,3.5675675675675675,1.151744635279055,3.4054054054054053,1.1498403992531159,3.2972972972972974,1.1593303021366066
