,Name,Napps,App mean,App std,Org mean,Org std,CA mean,CA std
0,Bill Pahutski,52,3.6346153846153846,0.8776902851726177,2.6153846153846154,1.1292244812233225,3.019230769230769,0.9901512047581537
