,Name,Napps,App mean,App std,Org mean,Org std,CA mean,CA std
0,Mia Lennon,22,3.3181818181818183,1.2205201438270503,3.0,1.381698559415515,2.8636363636363638,1.3913843513649062
