,Name,Napps,App mean,App std,Org mean,Org std,CA mean,CA std
0,Laura Zajac,20,3.25,0.9937303457175896,3.15,1.061838029079765,3.0,0.8366600265340756
