,Name,Napps,App mean,App std,Org mean,Org std,CA mean,CA std
0,Samantha Casesa,21,2.6666666666666665,1.425393290199597,2.5714285714285716,1.2936264483053452,2.4285714285714284,1.4333254231707058
