,Name,Napps,App mean,App std,Org mean,Org std,CA mean,CA std
0,Cami Steppe,20,3.4,0.7348469228349536,3.15,0.9630680142129114,3.05,0.9733961166965892
