,Name,Napps,App mean,App std,Org mean,Org std,CA mean,CA std
0,Eugenie Morton,20,3.85,1.0136567466356645,3.7,0.6403124237432849,3.2,1.0295630140987
