,Name,Napps,App mean,App std,Org mean,Org std,CA mean,CA std
0,Meghan Harshaw,18,2.5,1.2133516482134197,2.611111111111111,1.4582671942674097,2.7222222222222223,1.2825995978461329
