,Name,Napps,App mean,App std,Org mean,Org std,CA mean,CA std
0,Harcourt Allen,10,3.3,1.1874342087037917,3.5,1.02469507659596,3.2,1.1661903789690602
