,Name,Napps,App mean,App std,Org mean,Org std,CA mean,CA std
0,Emily Hollingworth,20,3.5,1.4317821063276353,3.3,1.3820274961085255,2.9,1.2609520212918492
