,Name,Napps,App mean,App std,Org mean,Org std,CA mean,CA std
0,Ellie Taft,21,3.238095238095238,1.1507662831994832,2.619047619047619,1.2526615655205626,3.0476190476190474,1.2140522651411392
