,Name,Napps,App mean,App std,Org mean,Org std,CA mean,CA std
0,Jane Recker,19,3.3684210526315788,1.2230473724865525,2.736842105263158,1.4811839241547673,2.473684210526316,0.9930506454796425
